﻿"School Name","Shift","Class","Section","Student ID","Name","Mobile Number","Submission Date","Short Answer","Beyond The School File","Status"
"E-Pathshala Academy","Morning","One","Shapla","1001221010101","Fizar Ahmed ","1775695814","2022-08-11T12:40:30+06:00","Beyond The School","",""
"E-Pathshala Academy","Morning","One","Shapla","1001221010101","Fizar Ahmed ","1775695814","2022-08-11T12:40:45+06:00","Beyond The School 



","",""
"E-Pathshala Academy","Morning","One","Shapla","1001221010101","Fizar Ahmed ","1775695814","2022-08-11T12:41:14+06:00","","",""
"E-Pathshala Academy","Morning","One","Shapla","1001221010101","Fizar Ahmed ","1775695814","2022-08-11T12:47:57+06:00","","",""
"E-Pathshala Academy","Morning","One","Shapla","1001221010101","Fizar Ahmed ","1775695814","2022-08-11T12:47:59+06:00","upload","",""
"E-Pathshala Academy","Morning","One","Shapla","1001221010101","Fizar Ahmed ","1775695814","2022-08-11T13:25:18+06:00","asdfasdf","student new.csv",""